summaryID,totalStudyHrs,avgStudyHrs,avgSleep,periodStart,periodEnd,studentID
1,5,2,8,2025-09-26 22:10:36,2025-10-01 22:10:36,29
2,6,2,4,2025-10-26 05:37:44,2025-11-05 05:37:44,12
3,2,4,9,2025-09-08 23:19:02,2025-09-14 23:19:02,3
4,3,1,9,2025-06-24 20:56:09,2025-07-02 20:56:09,23
5,4,1,5,2025-06-26 17:57:58,2025-07-06 17:57:58,8
6,3,4,6,2025-05-04 02:13:13,2025-05-05 02:13:13,24
7,7,3,4,2025-03-22 12:06:09,2025-03-29 12:06:09,35
8,2,2,4,2025-09-27 17:39:24,2025-10-06 17:39:24,8
9,4,5,9,2025-02-24 22:58:07,2025-03-05 22:58:07,24
10,5,3,9,2025-09-12 14:38:56,2025-09-14 14:38:56,26
11,4,4,9,2025-05-13 15:33:22,2025-05-24 15:33:22,30
12,3,3,5,2024-12-17 12:58:43,2024-12-19 12:58:43,30
13,1,4,8,2025-01-09 10:44:50,2025-01-20 10:44:50,4
14,2,3,4,2025-03-06 22:14:20,2025-03-14 22:14:20,7
15,2,3,6,2025-09-27 16:15:29,2025-10-10 16:15:29,28
16,5,4,5,2025-04-26 01:20:50,2025-05-05 01:20:50,16
17,7,4,6,2025-05-29 20:09:59,2025-06-03 20:09:59,18
18,6,2,6,2025-11-07 12:26:29,2025-11-14 12:26:29,16
19,1,2,7,2025-02-12 06:03:20,2025-02-19 06:03:20,23
20,5,2,10,2025-09-25 12:29:36,2025-10-07 12:29:36,21
21,1,3,6,2025-04-19 08:44:07,2025-05-03 08:44:07,23
22,1,1,4,2025-10-11 09:42:37,2025-10-21 09:42:37,20
23,4,1,5,2024-12-15 19:03:08,2024-12-28 19:03:08,28
24,4,1,8,2025-08-06 15:39:32,2025-08-13 15:39:32,25
25,4,4,9,2025-02-08 04:58:47,2025-02-12 04:58:47,13
26,2,2,4,2025-05-04 04:23:48,2025-05-13 04:23:48,22
27,2,1,7,2025-03-06 14:08:22,2025-03-12 14:08:22,5
28,4,3,9,2025-08-02 09:44:23,2025-08-06 09:44:23,36
29,7,5,9,2025-02-01 23:45:34,2025-02-13 23:45:34,10
30,6,2,8,2025-06-27 16:22:54,2025-07-10 16:22:54,32
31,2,2,8,2025-03-15 14:42:57,2025-03-20 14:42:57,35
32,7,5,9,2025-03-26 17:35:21,2025-04-07 17:35:21,24
33,7,4,10,2025-11-29 13:39:06,2025-12-03 13:39:06,16
34,3,1,7,2025-07-18 18:05:17,2025-07-22 18:05:17,27
35,7,5,6,2025-10-21 13:19:29,2025-10-27 13:19:29,22
36,7,3,7,2025-06-23 20:16:53,2025-07-03 20:16:53,17
37,1,5,7,2025-08-04 02:52:57,2025-08-09 02:52:57,29
38,6,4,6,2025-04-05 22:19:15,2025-04-10 22:19:15,33
39,5,4,9,2025-08-08 19:47:06,2025-08-17 19:47:06,28
40,1,3,8,2025-02-07 13:16:39,2025-02-20 13:16:39,28
41,4,3,9,2025-11-11 12:21:23,2025-11-12 12:21:23,33
42,3,3,4,2025-04-01 19:32:27,2025-04-08 19:32:27,28
43,2,2,6,2025-03-21 10:16:11,2025-03-23 10:16:11,15
44,4,3,6,2025-01-08 01:26:10,2025-01-19 01:26:10,8
45,1,1,10,2025-05-20 19:05:11,2025-06-02 19:05:11,17
46,4,1,7,2025-07-29 23:17:07,2025-08-12 23:17:07,9
47,5,3,4,2025-06-01 04:19:56,2025-06-15 04:19:56,15
48,1,2,7,2025-09-01 10:43:50,2025-09-10 10:43:50,6
49,7,3,10,2024-12-31 20:35:40,2025-01-11 20:35:40,34
50,6,2,9,2025-08-14 01:59:39,2025-08-16 01:59:39,30
51,6,1,7,2025-06-02 00:27:37,2025-06-03 00:27:37,23
52,3,3,4,2025-09-18 04:15:33,2025-09-30 04:15:33,14
53,4,5,7,2025-04-10 14:51:34,2025-04-16 14:51:34,29
54,4,1,6,2025-04-11 21:40:06,2025-04-20 21:40:06,17
55,4,4,10,2025-04-07 02:30:03,2025-04-19 02:30:03,35
56,3,4,6,2025-08-06 06:34:19,2025-08-19 06:34:19,13
57,2,3,5,2025-10-21 08:28:22,2025-11-03 08:28:22,13
58,2,2,5,2025-08-23 01:06:00,2025-09-05 01:06:00,16
59,6,3,5,2025-03-13 04:49:50,2025-03-22 04:49:50,19
60,4,4,6,2025-03-12 13:34:23,2025-03-15 13:34:23,26
61,5,1,8,2024-12-28 21:57:05,2025-01-08 21:57:05,3
62,5,5,4,2025-03-16 02:16:03,2025-03-22 02:16:03,24
63,2,2,7,2025-08-11 12:27:26,2025-08-18 12:27:26,17
64,6,5,6,2025-08-18 01:11:02,2025-08-23 01:11:02,2
65,3,2,10,2025-03-06 05:41:15,2025-03-15 05:41:15,26
66,3,2,4,2024-12-24 06:49:16,2024-12-27 06:49:16,31
67,4,1,4,2025-05-26 08:19:18,2025-06-06 08:19:18,2
68,3,2,8,2025-11-24 21:57:58,2025-11-27 21:57:58,35
69,7,4,9,2025-04-18 02:19:12,2025-05-02 02:19:12,6
70,6,4,8,2025-11-02 08:21:00,2025-11-13 08:21:00,9
71,7,4,4,2025-05-31 08:58:44,2025-06-05 08:58:44,36
72,5,2,7,2025-09-29 04:42:21,2025-09-30 04:42:21,26
73,2,2,8,2025-10-11 07:03:27,2025-10-19 07:03:27,32
74,1,4,4,2025-03-26 16:30:42,2025-04-05 16:30:42,31
75,3,4,8,2025-07-16 14:37:10,2025-07-25 14:37:10,35
76,7,2,7,2025-01-25 05:46:12,2025-01-30 05:46:12,33
77,4,4,4,2025-08-03 18:24:21,2025-08-05 18:24:21,20
78,7,3,9,2025-08-22 11:45:41,2025-09-05 11:45:41,16
79,1,2,8,2025-03-05 19:30:07,2025-03-17 19:30:07,7
80,2,3,9,2025-08-10 06:43:35,2025-08-11 06:43:35,10
81,1,2,6,2025-03-02 21:24:56,2025-03-08 21:24:56,32
82,4,2,10,2025-04-24 15:09:33,2025-05-07 15:09:33,29
83,1,2,4,2024-12-15 10:42:25,2024-12-17 10:42:25,20
84,7,4,9,2025-10-25 00:21:11,2025-10-30 00:21:11,17
85,6,1,8,2025-08-02 18:34:06,2025-08-08 18:34:06,10
86,1,3,6,2025-09-04 00:06:48,2025-09-18 00:06:48,1
87,3,2,7,2024-12-10 17:54:03,2024-12-19 17:54:03,19
88,7,2,10,2025-03-05 15:00:15,2025-03-18 15:00:15,28
89,2,3,6,2025-11-29 06:31:29,2025-12-11 06:31:29,36
90,2,2,9,2025-05-14 10:07:26,2025-05-28 10:07:26,8
91,4,3,4,2025-01-21 21:48:17,2025-01-26 21:48:17,12
92,2,3,8,2025-05-27 19:53:07,2025-06-01 19:53:07,3
93,2,2,9,2025-08-14 12:30:23,2025-08-22 12:30:23,24
94,6,3,7,2025-05-04 01:57:30,2025-05-07 01:57:30,24
95,5,5,10,2025-05-30 04:12:40,2025-06-02 04:12:40,10
96,4,3,7,2024-12-26 05:50:36,2025-01-06 05:50:36,33
97,7,4,6,2025-05-09 14:10:15,2025-05-22 14:10:15,12
98,7,4,8,2025-04-04 00:10:49,2025-04-12 00:10:49,5
99,1,3,6,2025-06-28 21:48:04,2025-07-04 21:48:04,14
100,3,2,6,2025-07-27 22:20:41,2025-07-30 22:20:41,18
101,2,5,5,2025-02-06 23:15:24,2025-02-14 23:15:24,10
102,5,2,7,2025-05-30 23:07:04,2025-06-10 23:07:04,32
103,4,2,4,2025-07-12 19:09:41,2025-07-16 19:09:41,3
104,7,4,5,2025-10-27 01:24:58,2025-10-31 01:24:58,16
105,3,3,7,2025-06-24 02:06:23,2025-06-28 02:06:23,34
106,2,2,6,2025-01-13 17:59:48,2025-01-26 17:59:48,27
107,4,5,10,2025-03-05 11:51:00,2025-03-19 11:51:00,32
108,6,5,7,2025-03-24 14:35:41,2025-03-26 14:35:41,29
109,1,1,5,2025-01-29 17:59:38,2025-02-12 17:59:38,29
110,4,5,10,2025-06-19 20:07:57,2025-07-01 20:07:57,20
111,7,1,4,2025-04-09 14:04:11,2025-04-17 14:04:11,15
112,7,1,7,2025-07-16 02:39:43,2025-07-28 02:39:43,35
113,2,4,4,2025-11-07 09:13:27,2025-11-18 09:13:27,5
114,4,5,8,2025-01-12 13:33:22,2025-01-19 13:33:22,34
115,3,3,10,2025-02-15 23:06:17,2025-02-24 23:06:17,1
116,4,3,5,2025-04-22 18:07:08,2025-05-04 18:07:08,1
117,2,2,7,2025-08-21 00:50:33,2025-08-30 00:50:33,30
118,1,4,9,2025-11-03 03:37:51,2025-11-06 03:37:51,16
119,3,5,9,2025-11-22 10:47:42,2025-12-03 10:47:42,32
120,5,3,10,2025-01-23 23:41:21,2025-01-29 23:41:21,3
121,7,3,9,2025-06-15 06:52:32,2025-06-25 06:52:32,31
122,5,5,9,2025-11-16 21:52:48,2025-11-27 21:52:48,11
123,4,2,10,2025-05-13 22:37:04,2025-05-20 22:37:04,12
124,3,3,8,2025-06-23 00:03:43,2025-06-26 00:03:43,14
125,6,2,6,2025-07-26 13:21:25,2025-08-08 13:21:25,12
126,2,1,6,2025-04-06 00:53:03,2025-04-17 00:53:03,18
127,4,4,6,2025-04-12 18:10:28,2025-04-18 18:10:28,31
128,6,4,8,2025-06-11 04:40:59,2025-06-19 04:40:59,24
129,2,4,6,2025-11-03 21:06:54,2025-11-04 21:06:54,14
130,2,2,9,2025-09-10 05:45:51,2025-09-21 05:45:51,6
131,7,2,8,2025-04-02 22:20:35,2025-04-06 22:20:35,25
132,7,3,6,2025-08-02 07:25:46,2025-08-15 07:25:46,15
133,3,3,9,2025-10-10 23:01:34,2025-10-23 23:01:34,8
134,5,1,10,2025-12-03 08:47:48,2025-12-10 08:47:48,5
135,3,2,5,2025-10-25 21:34:29,2025-11-07 21:34:29,24
136,3,2,6,2025-01-12 14:21:49,2025-01-13 14:21:49,12
137,5,5,10,2025-06-10 07:03:00,2025-06-20 07:03:00,34
138,7,1,7,2025-04-10 22:23:00,2025-04-19 22:23:00,23
139,6,5,10,2025-11-18 22:00:57,2025-11-26 22:00:57,5
140,6,2,10,2025-08-30 16:41:34,2025-08-31 16:41:34,17
141,7,3,8,2024-12-20 23:50:49,2024-12-28 23:50:49,11
142,6,2,6,2025-02-27 06:28:57,2025-03-02 06:28:57,35
143,5,1,7,2025-04-13 10:09:02,2025-04-25 10:09:02,29
144,7,3,9,2025-01-17 06:19:14,2025-01-19 06:19:14,5
145,2,4,10,2025-01-11 00:37:15,2025-01-14 00:37:15,13
146,7,1,7,2025-09-23 17:09:14,2025-09-30 17:09:14,29
147,5,5,4,2025-05-27 19:20:02,2025-06-06 19:20:02,15
148,4,3,8,2025-01-25 13:52:19,2025-02-08 13:52:19,21
149,4,5,6,2025-08-02 13:18:02,2025-08-16 13:18:02,8
150,7,2,8,2025-10-18 05:51:27,2025-11-01 05:51:27,22
151,6,2,10,2025-01-23 00:52:33,2025-01-26 00:52:33,22
152,1,1,5,2025-06-18 16:00:45,2025-06-24 16:00:45,32
153,6,5,7,2025-03-16 21:57:45,2025-03-18 21:57:45,32
154,2,3,7,2025-02-19 04:51:17,2025-03-01 04:51:17,25
155,5,3,6,2025-04-29 19:05:25,2025-05-04 19:05:25,11
156,3,5,8,2024-12-27 12:31:19,2025-01-04 12:31:19,2
157,4,3,9,2025-08-25 01:26:52,2025-09-06 01:26:52,17
158,5,5,6,2025-03-24 10:41:28,2025-04-02 10:41:28,10
159,5,2,7,2025-08-11 18:21:50,2025-08-12 18:21:50,30
160,2,2,5,2024-12-18 17:37:55,2024-12-27 17:37:55,7
161,5,4,7,2025-06-21 21:23:47,2025-06-26 21:23:47,6
162,1,4,10,2025-07-20 22:25:42,2025-07-27 22:25:42,31
163,2,5,10,2025-06-07 08:11:00,2025-06-09 08:11:00,20
164,2,5,10,2025-11-16 03:10:19,2025-11-29 03:10:19,36
165,4,2,9,2025-05-24 07:36:53,2025-06-06 07:36:53,28
166,7,1,4,2025-01-28 19:25:09,2025-02-10 19:25:09,30
167,1,2,5,2025-10-15 21:30:44,2025-10-17 21:30:44,12
168,3,2,9,2025-11-02 10:10:31,2025-11-11 10:10:31,32
169,5,5,5,2025-08-31 21:55:13,2025-09-04 21:55:13,27
170,4,5,7,2025-09-13 15:42:08,2025-09-14 15:42:08,25
171,1,1,10,2025-12-03 21:57:49,2025-12-09 21:57:49,7
172,1,3,5,2025-02-21 17:55:40,2025-02-23 17:55:40,17
173,1,5,8,2025-03-31 02:02:58,2025-04-10 02:02:58,23
174,5,3,7,2024-12-27 14:09:52,2025-01-04 14:09:52,4
175,3,1,8,2025-05-05 09:13:10,2025-05-14 09:13:10,18
176,6,1,9,2025-03-08 10:46:30,2025-03-21 10:46:30,13
177,7,2,5,2025-09-28 15:09:04,2025-10-04 15:09:04,34
178,3,5,10,2025-01-30 11:42:09,2025-02-09 11:42:09,21
179,1,2,6,2025-10-21 17:00:27,2025-10-23 17:00:27,25
180,7,3,9,2025-09-26 16:24:08,2025-10-09 16:24:08,34
181,4,2,7,2025-03-02 16:35:35,2025-03-15 16:35:35,1
182,6,5,7,2025-08-02 12:10:05,2025-08-15 12:10:05,27
183,7,4,7,2025-10-05 14:57:05,2025-10-09 14:57:05,3
184,4,3,7,2025-06-17 09:57:22,2025-06-24 09:57:22,29
185,7,3,7,2025-01-21 09:18:42,2025-01-30 09:18:42,13
186,4,1,10,2025-03-25 18:02:04,2025-04-01 18:02:04,11
187,4,5,8,2025-11-14 01:44:53,2025-11-21 01:44:53,10
188,2,4,9,2025-01-05 23:31:35,2025-01-19 23:31:35,21
189,1,3,5,2025-05-11 23:48:53,2025-05-25 23:48:53,18
190,2,5,4,2024-12-28 00:39:14,2025-01-04 00:39:14,5
191,4,4,8,2025-10-19 08:24:49,2025-11-01 08:24:49,18
192,1,1,4,2025-08-24 14:46:12,2025-08-26 14:46:12,22
193,2,4,8,2025-11-02 04:24:19,2025-11-16 04:24:19,16
194,4,1,4,2025-07-13 05:57:27,2025-07-14 05:57:27,36
195,6,1,5,2025-08-05 13:48:18,2025-08-09 13:48:18,33
196,3,5,9,2025-05-28 09:02:19,2025-06-05 09:02:19,4
197,3,2,8,2025-08-29 13:43:39,2025-08-31 13:43:39,17
198,4,4,4,2025-03-05 07:55:27,2025-03-17 07:55:27,23
199,7,1,4,2025-06-18 02:34:22,2025-07-01 02:34:22,11
200,5,1,10,2025-09-30 08:41:01,2025-10-03 08:41:01,8
201,6,2,10,2025-10-12 12:58:14,2025-10-21 12:58:14,19
202,7,2,4,2025-11-22 13:22:06,2025-12-04 13:22:06,24
203,6,3,5,2025-07-19 11:53:16,2025-07-28 11:53:16,25
204,4,5,8,2025-07-03 04:59:17,2025-07-15 04:59:17,3
205,6,4,8,2025-07-13 20:31:04,2025-07-20 20:31:04,6
206,5,5,6,2025-10-27 07:44:30,2025-11-05 07:44:30,16
207,4,5,10,2025-07-27 05:41:30,2025-07-30 05:41:30,5
208,5,4,5,2025-01-19 09:21:50,2025-01-29 09:21:50,6
209,7,3,7,2025-07-14 22:48:51,2025-07-19 22:48:51,13
210,3,1,9,2025-06-09 06:11:13,2025-06-18 06:11:13,4
211,5,1,7,2025-07-27 16:28:57,2025-08-10 16:28:57,27
212,5,4,4,2025-10-19 01:36:49,2025-11-02 01:36:49,30
213,2,3,4,2025-11-11 09:19:01,2025-11-24 09:19:01,17
214,6,3,8,2025-04-03 15:15:38,2025-04-04 15:15:38,18
215,3,3,10,2025-11-09 14:04:45,2025-11-11 14:04:45,16
216,7,2,9,2025-04-18 04:02:46,2025-04-23 04:02:46,26
217,3,5,4,2025-02-06 22:05:58,2025-02-18 22:05:58,32
218,6,4,7,2025-11-06 11:24:28,2025-11-19 11:24:28,7
219,5,3,6,2025-06-16 03:03:08,2025-06-25 03:03:08,35
220,3,2,10,2025-03-21 14:00:11,2025-03-22 14:00:11,13
221,1,2,10,2025-10-19 05:54:30,2025-10-27 05:54:30,3
222,2,1,10,2025-11-16 14:20:17,2025-11-26 14:20:17,14
223,5,5,4,2025-10-13 00:36:59,2025-10-18 00:36:59,34
224,5,1,5,2025-03-26 06:50:23,2025-03-27 06:50:23,26
225,6,1,4,2025-04-30 21:11:56,2025-05-11 21:11:56,25
226,2,2,6,2025-03-26 05:59:13,2025-04-03 05:59:13,17
227,3,5,9,2025-08-26 15:40:52,2025-09-06 15:40:52,20
228,3,1,10,2025-11-04 11:55:55,2025-11-13 11:55:55,15
229,4,1,6,2025-08-02 02:01:27,2025-08-05 02:01:27,14
230,1,2,4,2025-02-06 03:54:05,2025-02-16 03:54:05,7
231,3,4,5,2025-11-13 05:06:04,2025-11-24 05:06:04,13
232,7,2,4,2025-10-04 09:01:01,2025-10-12 09:01:01,3
233,6,1,6,2025-02-14 09:49:34,2025-02-15 09:49:34,31
234,1,3,5,2025-06-13 06:00:50,2025-06-24 06:00:50,22
235,1,5,10,2025-01-27 18:47:15,2025-02-06 18:47:15,17
236,2,1,4,2025-07-26 14:06:35,2025-08-06 14:06:35,7
237,5,4,5,2025-09-13 07:38:21,2025-09-16 07:38:21,1
238,5,1,4,2025-02-09 10:02:22,2025-02-12 10:02:22,4
239,2,4,9,2025-10-03 03:27:36,2025-10-15 03:27:36,15
240,7,1,6,2025-06-18 23:54:39,2025-06-25 23:54:39,24
241,7,5,8,2025-09-27 19:06:49,2025-09-30 19:06:49,31
242,1,5,7,2024-12-24 23:37:31,2024-12-26 23:37:31,32
243,7,3,7,2025-10-22 20:28:40,2025-11-04 20:28:40,35
244,2,5,7,2024-12-13 01:44:56,2024-12-22 01:44:56,12
245,1,1,8,2025-07-26 20:28:47,2025-08-03 20:28:47,25
246,6,2,8,2024-12-09 03:35:02,2024-12-12 03:35:02,24
247,7,4,4,2025-05-17 05:01:26,2025-05-26 05:01:26,13
248,5,5,7,2025-01-23 22:50:25,2025-01-24 22:50:25,17
249,4,1,9,2025-04-06 03:09:45,2025-04-12 03:09:45,9
250,2,3,10,2025-10-07 16:34:22,2025-10-11 16:34:22,10
251,7,2,8,2024-12-26 23:31:36,2025-01-09 23:31:36,30
252,2,1,4,2025-01-23 03:30:32,2025-01-30 03:30:32,35
253,6,2,8,2025-12-01 05:51:32,2025-12-12 05:51:32,25
254,2,5,9,2025-04-27 22:49:58,2025-05-10 22:49:58,29
255,2,4,5,2025-02-21 00:30:47,2025-03-01 00:30:47,6
256,7,4,6,2025-09-24 01:28:15,2025-10-02 01:28:15,36
257,7,1,6,2025-08-05 09:19:46,2025-08-07 09:19:46,28
258,3,5,8,2024-12-24 18:18:14,2025-01-05 18:18:14,34
259,3,3,4,2025-03-28 12:53:16,2025-04-09 12:53:16,17
260,4,5,10,2024-12-06 13:24:43,2024-12-19 13:24:43,7
261,2,2,9,2025-06-26 22:34:47,2025-07-02 22:34:47,19
262,1,3,6,2024-12-19 13:52:26,2024-12-28 13:52:26,6
263,6,3,7,2025-11-14 13:48:00,2025-11-18 13:48:00,27
264,6,3,10,2025-06-24 22:54:16,2025-06-29 22:54:16,14
265,4,3,10,2025-07-20 19:43:35,2025-07-31 19:43:35,30
266,5,4,4,2025-10-13 19:47:08,2025-10-21 19:47:08,25
267,3,5,6,2025-04-05 13:22:49,2025-04-11 13:22:49,8
268,6,1,8,2025-08-21 11:38:21,2025-08-24 11:38:21,8
269,5,2,9,2025-08-02 22:22:45,2025-08-15 22:22:45,6
270,3,2,8,2025-11-17 03:47:03,2025-11-28 03:47:03,25
271,4,3,4,2025-02-21 08:52:29,2025-03-07 08:52:29,27
272,5,1,6,2025-02-10 19:53:49,2025-02-20 19:53:49,23
273,2,3,9,2025-10-08 14:03:38,2025-10-16 14:03:38,30
274,1,4,4,2025-04-01 11:13:19,2025-04-09 11:13:19,8
275,1,4,8,2025-11-13 05:58:41,2025-11-21 05:58:41,9
276,6,3,7,2025-05-12 07:08:49,2025-05-13 07:08:49,14
277,2,1,10,2025-07-24 10:23:35,2025-07-26 10:23:35,6
278,6,5,5,2025-07-01 00:41:49,2025-07-04 00:41:49,19
279,4,2,8,2025-10-10 04:24:12,2025-10-23 04:24:12,27
280,7,1,8,2025-09-22 07:27:34,2025-10-06 07:27:34,32
281,1,3,5,2025-06-23 00:05:47,2025-07-01 00:05:47,17
282,6,2,5,2025-11-12 21:05:16,2025-11-24 21:05:16,13
283,2,1,6,2025-05-21 00:55:37,2025-05-25 00:55:37,13
284,4,5,8,2025-09-08 11:29:48,2025-09-10 11:29:48,11
285,7,3,7,2025-11-16 03:59:48,2025-11-20 03:59:48,31
286,6,2,9,2025-04-10 22:10:53,2025-04-15 22:10:53,27
287,6,4,4,2025-04-08 11:04:36,2025-04-14 11:04:36,29
288,5,2,10,2025-08-23 07:20:26,2025-08-29 07:20:26,14
289,4,5,7,2025-02-17 13:03:04,2025-02-28 13:03:04,27
290,5,3,6,2025-01-05 18:04:03,2025-01-08 18:04:03,33
291,4,1,6,2025-04-06 11:32:17,2025-04-17 11:32:17,15
292,7,5,7,2025-09-11 07:26:43,2025-09-21 07:26:43,31
293,2,2,9,2025-10-01 15:41:04,2025-10-15 15:41:04,8
294,4,5,5,2025-09-17 16:32:31,2025-09-27 16:32:31,10
295,7,4,8,2025-03-12 02:14:37,2025-03-16 02:14:37,15
296,3,5,4,2025-09-13 01:45:45,2025-09-24 01:45:45,5
297,3,3,9,2025-01-06 14:48:31,2025-01-14 14:48:31,28
298,7,3,4,2025-11-20 08:08:08,2025-12-04 08:08:08,19
299,1,5,10,2025-03-05 21:58:37,2025-03-07 21:58:37,17
300,6,3,8,2025-01-28 02:17:06,2025-02-07 02:17:06,24
301,2,2,9,2025-11-09 13:57:32,2025-11-19 13:57:32,29
302,3,5,6,2025-06-14 03:23:15,2025-06-16 03:23:15,6
303,5,5,9,2025-10-03 02:00:29,2025-10-16 02:00:29,4
304,1,3,7,2025-08-31 02:45:24,2025-09-05 02:45:24,15
305,1,1,8,2025-04-23 21:58:50,2025-04-26 21:58:50,23
306,4,1,7,2025-01-08 13:03:29,2025-01-14 13:03:29,10
307,4,2,10,2025-07-27 15:19:26,2025-08-04 15:19:26,30
308,4,4,5,2025-01-01 15:45:05,2025-01-09 15:45:05,10
309,6,1,9,2025-02-28 14:59:30,2025-03-02 14:59:30,12
310,2,4,7,2025-05-31 11:31:37,2025-06-01 11:31:37,11
311,4,2,5,2025-11-22 16:58:50,2025-11-24 16:58:50,22
312,6,3,7,2025-05-05 20:50:38,2025-05-17 20:50:38,34
313,2,5,8,2025-10-26 23:40:23,2025-10-28 23:40:23,31
314,2,3,4,2025-03-27 12:37:28,2025-04-10 12:37:28,19
315,7,4,4,2025-06-02 21:02:34,2025-06-15 21:02:34,2
316,3,5,6,2025-01-27 17:39:55,2025-01-28 17:39:55,34
317,7,5,4,2025-04-05 17:10:30,2025-04-11 17:10:30,27
318,6,3,4,2025-09-10 12:26:11,2025-09-20 12:26:11,12
319,7,1,8,2025-10-17 22:40:36,2025-10-20 22:40:36,4
320,5,2,10,2025-01-03 07:36:37,2025-01-12 07:36:37,3
321,6,3,5,2025-02-13 18:10:09,2025-02-15 18:10:09,24
322,6,1,8,2025-04-14 12:34:16,2025-04-18 12:34:16,32
323,7,4,7,2025-02-12 10:55:54,2025-02-19 10:55:54,22
324,2,4,10,2025-10-17 14:16:51,2025-10-23 14:16:51,30
325,6,5,9,2025-09-11 15:52:01,2025-09-22 15:52:01,16
326,6,3,4,2024-12-31 15:04:22,2025-01-10 15:04:22,27
327,7,2,7,2025-09-26 08:43:39,2025-10-03 08:43:39,29
328,2,1,8,2025-03-17 17:28:22,2025-03-23 17:28:22,23
329,4,4,5,2025-10-26 22:54:50,2025-10-28 22:54:50,2
330,4,2,6,2024-12-20 18:23:55,2024-12-28 18:23:55,5
331,1,4,10,2025-10-01 05:17:02,2025-10-12 05:17:02,21
332,4,2,6,2025-05-18 18:50:41,2025-05-20 18:50:41,27
333,5,1,5,2025-05-16 05:06:47,2025-05-20 05:06:47,28
334,7,5,6,2025-03-25 08:12:19,2025-03-27 08:12:19,20
335,5,4,4,2025-09-19 19:35:35,2025-09-25 19:35:35,17
336,7,1,7,2025-08-13 06:04:03,2025-08-15 06:04:03,14
337,4,5,4,2025-03-18 19:46:13,2025-03-21 19:46:13,12
338,3,3,6,2025-01-13 00:47:24,2025-01-25 00:47:24,22
339,4,5,7,2025-01-27 08:19:42,2025-02-01 08:19:42,13
340,7,2,7,2025-02-07 16:41:01,2025-02-09 16:41:01,8
341,5,3,6,2025-05-20 11:52:47,2025-05-30 11:52:47,35
342,3,3,6,2025-02-28 23:30:31,2025-03-09 23:30:31,33
343,6,1,7,2024-12-20 12:02:13,2024-12-30 12:02:13,8
344,4,1,9,2025-08-02 17:35:41,2025-08-05 17:35:41,1
345,1,2,4,2025-06-15 17:59:21,2025-06-28 17:59:21,2
346,4,1,9,2025-04-01 13:25:49,2025-04-07 13:25:49,9
347,1,1,6,2025-05-10 20:02:19,2025-05-20 20:02:19,13
348,1,1,9,2025-09-27 12:10:26,2025-10-04 12:10:26,6
349,6,1,9,2025-04-20 02:33:22,2025-04-23 02:33:22,3
350,6,4,4,2025-09-12 03:18:20,2025-09-26 03:18:20,19
351,5,3,7,2025-10-14 01:10:28,2025-10-22 01:10:28,33
352,1,2,5,2025-04-23 21:02:52,2025-04-29 21:02:52,2
353,7,2,7,2025-08-27 07:02:03,2025-08-31 07:02:03,18
354,2,5,9,2025-01-01 17:56:12,2025-01-14 17:56:12,13
355,4,3,9,2025-04-15 16:51:50,2025-04-28 16:51:50,10
356,7,5,10,2025-05-18 15:39:31,2025-06-01 15:39:31,19
357,4,2,8,2025-02-07 20:26:17,2025-02-12 20:26:17,14
358,5,1,5,2025-09-17 02:26:04,2025-10-01 02:26:04,21
359,3,1,7,2025-09-05 13:38:44,2025-09-06 13:38:44,26
360,3,4,9,2025-04-18 00:50:58,2025-04-24 00:50:58,7
361,7,1,7,2025-12-02 08:40:11,2025-12-09 08:40:11,23
362,6,2,6,2025-04-20 00:20:09,2025-05-02 00:20:09,25
363,1,3,10,2025-06-24 23:09:47,2025-07-03 23:09:47,16
364,6,2,10,2024-12-23 15:53:37,2025-01-03 15:53:37,25
365,3,3,5,2025-11-07 09:17:17,2025-11-15 09:17:17,21
366,3,3,4,2025-08-26 00:41:29,2025-09-02 00:41:29,16
367,4,5,10,2025-08-21 11:27:58,2025-09-04 11:27:58,31
368,4,2,4,2025-09-29 18:40:42,2025-10-12 18:40:42,17
369,1,4,6,2025-08-06 16:43:25,2025-08-18 16:43:25,17
370,2,3,9,2025-01-22 09:08:23,2025-02-05 09:08:23,33
371,3,3,10,2025-10-07 23:25:02,2025-10-10 23:25:02,32
372,1,1,8,2025-08-16 17:42:06,2025-08-27 17:42:06,18
373,2,5,9,2025-02-11 02:50:57,2025-02-23 02:50:57,25
374,3,2,7,2024-12-08 23:07:59,2024-12-13 23:07:59,9
375,6,4,8,2025-07-10 14:04:06,2025-07-23 14:04:06,18
376,7,1,7,2025-06-08 22:20:19,2025-06-13 22:20:19,6
377,4,5,8,2025-03-31 12:30:04,2025-04-09 12:30:04,34
378,4,5,9,2025-01-06 23:16:19,2025-01-17 23:16:19,29
379,3,3,5,2025-03-17 23:40:33,2025-03-22 23:40:33,29
380,6,2,8,2025-08-29 11:52:03,2025-09-06 11:52:03,36
381,3,4,7,2025-09-11 04:09:39,2025-09-17 04:09:39,4
382,2,5,7,2025-07-16 17:47:28,2025-07-28 17:47:28,17
383,7,1,9,2025-03-22 16:20:09,2025-03-31 16:20:09,11
384,2,1,9,2025-07-16 16:05:30,2025-07-20 16:05:30,23
385,4,4,6,2025-04-08 09:56:21,2025-04-20 09:56:21,33
386,3,1,8,2025-02-22 18:40:20,2025-03-06 18:40:20,2
387,1,5,6,2025-10-22 01:38:03,2025-10-26 01:38:03,16
388,1,1,10,2025-03-04 15:50:11,2025-03-13 15:50:11,17
389,6,4,7,2025-04-02 07:26:06,2025-04-03 07:26:06,24
390,7,5,10,2025-11-05 16:51:15,2025-11-16 16:51:15,13
391,3,1,8,2025-09-30 14:55:54,2025-10-05 14:55:54,23
392,3,2,10,2024-12-31 22:49:18,2025-01-01 22:49:18,24
393,5,4,4,2025-11-12 02:19:47,2025-11-26 02:19:47,10
394,7,4,9,2025-02-28 13:33:21,2025-03-02 13:33:21,9
395,5,3,6,2025-04-27 03:00:58,2025-05-03 03:00:58,7
396,6,4,4,2025-11-30 17:11:01,2025-12-07 17:11:01,27
397,2,3,8,2024-12-19 15:32:47,2024-12-31 15:32:47,3
398,3,1,8,2025-05-08 19:27:12,2025-05-21 19:27:12,24
399,6,3,7,2025-04-03 07:42:33,2025-04-15 07:42:33,36
400,6,4,4,2025-11-05 09:27:51,2025-11-11 09:27:51,32
401,3,4,4,2025-02-11 12:31:04,2025-02-13 12:31:04,33
402,1,1,5,2025-08-21 14:24:51,2025-09-04 14:24:51,20
403,1,4,7,2024-12-27 21:24:33,2025-01-05 21:24:33,35
404,1,3,8,2025-01-09 08:14:56,2025-01-12 08:14:56,8
405,7,3,10,2025-07-03 14:40:05,2025-07-17 14:40:05,34
406,6,3,5,2025-07-13 17:45:12,2025-07-21 17:45:12,18
407,7,5,5,2025-09-06 03:27:57,2025-09-14 03:27:57,2
408,6,5,6,2025-09-18 03:54:53,2025-09-23 03:54:53,6
409,1,2,6,2025-02-22 05:26:33,2025-02-27 05:26:33,13
410,4,3,7,2025-08-02 20:25:54,2025-08-15 20:25:54,29
411,1,1,8,2025-02-16 01:04:34,2025-02-20 01:04:34,22
412,4,5,4,2025-05-12 08:01:03,2025-05-20 08:01:03,24
413,6,2,6,2025-04-22 07:36:15,2025-04-27 07:36:15,35
414,7,2,10,2025-01-02 13:46:41,2025-01-09 13:46:41,31
415,2,4,8,2025-12-02 06:13:34,2025-12-15 06:13:34,29
416,4,1,9,2025-11-21 04:47:27,2025-11-25 04:47:27,25
417,6,1,6,2025-07-05 18:08:41,2025-07-10 18:08:41,30
418,4,1,7,2025-03-16 06:28:59,2025-03-19 06:28:59,25
419,4,4,4,2025-10-27 00:49:35,2025-10-31 00:49:35,34
420,4,1,6,2025-04-02 12:28:26,2025-04-04 12:28:26,31
421,7,1,10,2025-05-25 15:16:30,2025-06-02 15:16:30,11
422,5,2,5,2025-05-27 23:17:31,2025-06-10 23:17:31,7
423,4,2,4,2025-08-02 19:17:30,2025-08-05 19:17:30,7
424,6,5,9,2025-08-06 07:17:09,2025-08-16 07:17:09,13
425,6,5,6,2025-09-26 22:07:39,2025-10-04 22:07:39,17
426,2,3,4,2024-12-13 15:54:35,2024-12-15 15:54:35,36
427,3,5,7,2025-10-19 20:16:31,2025-10-26 20:16:31,36
428,6,2,7,2025-09-28 06:55:38,2025-09-30 06:55:38,26
429,5,3,5,2025-04-29 08:20:20,2025-05-07 08:20:20,27
430,1,1,9,2025-10-16 02:16:12,2025-10-19 02:16:12,17
431,6,2,6,2025-08-20 13:37:42,2025-08-22 13:37:42,23
432,6,2,10,2024-12-31 11:16:59,2025-01-01 11:16:59,24
433,1,3,8,2025-04-13 00:04:04,2025-04-19 00:04:04,28
434,4,1,5,2025-07-18 13:27:51,2025-07-29 13:27:51,27
435,6,2,9,2025-02-01 01:42:32,2025-02-14 01:42:32,30
436,4,3,6,2025-03-30 20:51:40,2025-04-07 20:51:40,6
437,6,2,8,2024-12-30 09:07:45,2025-01-03 09:07:45,3
438,6,4,9,2025-01-02 17:19:58,2025-01-04 17:19:58,14
439,6,3,8,2025-01-16 08:30:06,2025-01-22 08:30:06,16
440,3,1,4,2025-07-03 19:44:34,2025-07-15 19:44:34,36
441,2,5,7,2025-03-27 04:50:29,2025-04-07 04:50:29,28
442,6,3,6,2025-11-07 20:24:26,2025-11-14 20:24:26,29
443,4,5,5,2025-01-20 00:15:51,2025-01-30 00:15:51,17
444,3,1,8,2025-03-08 14:13:24,2025-03-18 14:13:24,19
445,6,1,4,2025-05-08 16:39:20,2025-05-20 16:39:20,30
446,7,2,5,2025-04-06 03:45:15,2025-04-12 03:45:15,28
447,5,4,8,2025-11-09 20:56:21,2025-11-15 20:56:21,24
448,4,3,7,2025-05-07 15:18:10,2025-05-20 15:18:10,15
449,4,1,10,2025-03-15 05:45:13,2025-03-20 05:45:13,14
450,5,4,6,2025-03-10 13:39:38,2025-03-17 13:39:38,33
451,2,3,6,2025-02-11 00:55:31,2025-02-23 00:55:31,28
452,1,5,6,2025-11-22 14:17:26,2025-11-23 14:17:26,29
453,1,1,8,2025-01-29 10:37:37,2025-02-06 10:37:37,34
454,2,4,5,2025-07-31 18:21:23,2025-08-08 18:21:23,10
455,5,5,6,2024-12-10 07:16:42,2024-12-19 07:16:42,27
456,5,1,6,2025-01-08 17:38:11,2025-01-20 17:38:11,7
457,5,4,4,2025-10-12 09:24:53,2025-10-20 09:24:53,27
458,6,5,5,2025-06-06 13:57:49,2025-06-07 13:57:49,27
459,4,1,6,2025-01-15 05:16:33,2025-01-22 05:16:33,36
460,4,5,9,2025-08-25 01:58:58,2025-08-27 01:58:58,1
461,1,3,6,2025-11-05 06:04:40,2025-11-17 06:04:40,36
462,5,4,9,2025-06-09 03:30:44,2025-06-22 03:30:44,2
463,3,3,4,2025-10-20 11:00:20,2025-10-22 11:00:20,11
464,3,2,7,2025-09-12 23:40:33,2025-09-24 23:40:33,34
465,2,1,9,2025-10-16 09:01:09,2025-10-26 09:01:09,35
466,6,4,9,2025-02-28 01:49:06,2025-03-01 01:49:06,14
467,2,5,5,2025-07-06 06:55:46,2025-07-08 06:55:46,4
468,7,3,7,2025-06-17 05:08:45,2025-06-21 05:08:45,30
469,4,5,5,2025-07-04 14:32:44,2025-07-16 14:32:44,14
470,1,5,8,2025-08-30 12:34:00,2025-09-05 12:34:00,5
471,1,4,10,2025-11-07 08:34:05,2025-11-08 08:34:05,6
472,2,1,8,2025-06-21 06:11:19,2025-06-23 06:11:19,30
473,6,3,8,2025-03-25 01:04:32,2025-04-04 01:04:32,34
474,5,2,7,2025-07-19 11:52:14,2025-07-28 11:52:14,27
475,2,4,6,2025-11-27 05:41:18,2025-12-11 05:41:18,16
476,1,1,5,2025-01-12 20:34:59,2025-01-17 20:34:59,20
477,5,2,4,2025-11-22 15:44:35,2025-11-28 15:44:35,6
478,2,1,4,2025-03-08 20:06:35,2025-03-12 20:06:35,34
479,2,5,9,2025-08-01 16:50:13,2025-08-03 16:50:13,7
480,4,4,7,2025-01-01 23:17:17,2025-01-02 23:17:17,1
481,1,1,7,2025-10-08 09:06:42,2025-10-21 09:06:42,17
482,2,5,7,2025-09-28 08:32:58,2025-10-10 08:32:58,25
483,5,5,5,2025-10-09 16:57:14,2025-10-20 16:57:14,3
484,5,5,4,2025-10-19 18:23:15,2025-11-02 18:23:15,7
485,2,5,6,2025-11-13 04:50:18,2025-11-23 04:50:18,32
486,2,5,9,2024-12-17 05:33:31,2024-12-29 05:33:31,4
487,2,5,5,2025-04-24 22:19:45,2025-05-04 22:19:45,1
488,6,3,10,2025-05-13 05:34:42,2025-05-15 05:34:42,5
489,5,5,7,2025-08-16 16:33:35,2025-08-21 16:33:35,34
490,4,5,7,2025-04-25 14:53:29,2025-05-09 14:53:29,15
491,5,1,6,2024-12-24 04:19:20,2025-01-02 04:19:20,23
492,4,3,9,2025-08-17 11:10:15,2025-08-27 11:10:15,7
493,6,4,4,2025-07-17 17:17:18,2025-07-26 17:17:18,8
494,1,5,5,2025-12-05 22:27:14,2025-12-08 22:27:14,13
495,3,1,10,2025-01-30 20:24:07,2025-02-05 20:24:07,20
496,6,1,10,2025-11-14 21:23:24,2025-11-23 21:23:24,1
497,1,1,10,2025-07-15 00:29:14,2025-07-24 00:29:14,5
498,2,3,4,2025-11-20 22:22:05,2025-11-21 22:22:05,27
499,6,1,8,2025-03-19 12:32:02,2025-03-22 12:32:02,3
500,7,4,10,2025-04-17 14:44:01,2025-04-29 14:44:01,4
501,7,2,10,2025-11-02 10:57:54,2025-11-14 10:57:54,18
502,2,5,8,2025-02-14 13:43:07,2025-02-21 13:43:07,21
503,3,3,9,2025-09-07 03:31:18,2025-09-15 03:31:18,7
504,1,3,5,2025-02-20 04:18:25,2025-02-27 04:18:25,17
505,6,5,7,2025-06-21 17:31:26,2025-06-24 17:31:26,31
506,6,2,7,2025-11-05 22:03:03,2025-11-06 22:03:03,27
507,7,5,6,2025-07-30 10:39:06,2025-08-13 10:39:06,29
508,4,5,7,2024-12-31 16:47:07,2025-01-13 16:47:07,12
509,3,1,4,2025-07-04 19:29:18,2025-07-12 19:29:18,36
510,5,3,8,2025-09-18 14:57:09,2025-09-24 14:57:09,23
511,7,3,5,2025-09-14 07:30:55,2025-09-21 07:30:55,23
512,3,3,10,2025-03-13 21:47:53,2025-03-15 21:47:53,15
513,4,3,6,2025-10-12 07:45:29,2025-10-13 07:45:29,12
514,5,5,6,2025-03-28 21:30:55,2025-04-09 21:30:55,4
515,6,5,5,2025-07-20 23:12:04,2025-07-29 23:12:04,35
516,6,2,4,2025-05-15 23:05:55,2025-05-18 23:05:55,26
517,4,1,4,2025-06-26 09:17:59,2025-07-01 09:17:59,13
518,2,4,9,2025-07-29 14:08:12,2025-08-02 14:08:12,5
519,3,3,10,2025-11-08 13:12:24,2025-11-16 13:12:24,18
520,7,1,9,2025-04-25 17:30:40,2025-04-30 17:30:40,22
521,4,5,4,2025-09-27 12:18:18,2025-10-10 12:18:18,7
522,1,4,9,2024-12-29 08:59:46,2025-01-08 08:59:46,19
523,6,5,10,2025-03-07 11:02:36,2025-03-13 11:02:36,7
524,4,5,10,2025-08-24 10:46:19,2025-09-05 10:46:19,14
525,7,5,4,2025-10-03 10:48:42,2025-10-09 10:48:42,31
526,7,4,10,2025-08-14 06:06:53,2025-08-17 06:06:53,4
527,6,2,5,2025-11-28 05:54:55,2025-12-02 05:54:55,24
528,7,4,5,2025-09-26 19:26:36,2025-09-28 19:26:36,1
529,6,1,5,2025-06-05 18:59:19,2025-06-17 18:59:19,21
530,5,4,7,2025-02-11 00:11:12,2025-02-20 00:11:12,32
531,2,1,6,2025-07-18 23:35:31,2025-07-27 23:35:31,33
532,5,1,5,2025-09-03 09:16:11,2025-09-14 09:16:11,28
533,1,1,6,2025-09-12 05:02:36,2025-09-14 05:02:36,20
534,3,1,4,2025-09-16 11:19:36,2025-09-29 11:19:36,16
535,7,1,7,2025-04-27 06:03:35,2025-04-28 06:03:35,6
536,3,2,6,2024-12-21 23:57:37,2024-12-23 23:57:37,3
537,6,5,9,2025-07-27 22:51:51,2025-07-29 22:51:51,32
538,1,5,4,2025-08-03 04:42:43,2025-08-17 04:42:43,25
539,3,5,5,2025-11-02 07:40:39,2025-11-16 07:40:39,22
540,3,2,6,2025-11-19 21:58:57,2025-11-26 21:58:57,28
541,6,4,5,2025-03-25 11:36:02,2025-03-28 11:36:02,21
542,7,2,9,2025-04-27 01:01:55,2025-05-01 01:01:55,22
543,2,5,6,2025-10-05 22:00:41,2025-10-14 22:00:41,25
544,7,2,4,2025-10-25 15:08:42,2025-11-06 15:08:42,34
545,1,5,9,2025-05-30 15:36:22,2025-06-13 15:36:22,31
546,3,2,8,2024-12-13 10:26:56,2024-12-18 10:26:56,33
547,4,2,10,2025-07-16 14:21:43,2025-07-24 14:21:43,14
548,7,3,7,2024-12-14 06:09:46,2024-12-20 06:09:46,31
549,5,5,5,2025-10-14 02:05:58,2025-10-16 02:05:58,2
550,6,2,10,2025-11-16 23:33:24,2025-11-17 23:33:24,14
551,5,1,5,2025-03-30 03:11:55,2025-04-12 03:11:55,32
552,2,4,7,2025-02-21 16:44:03,2025-02-28 16:44:03,34
553,7,2,6,2025-04-26 08:36:09,2025-05-02 08:36:09,11
554,6,1,8,2025-09-27 02:17:47,2025-10-01 02:17:47,16
555,6,1,10,2025-03-28 02:31:16,2025-04-07 02:31:16,4
556,6,4,8,2025-08-15 06:02:26,2025-08-25 06:02:26,29
557,5,2,6,2025-10-10 19:31:31,2025-10-13 19:31:31,15
558,1,4,9,2025-01-11 19:22:36,2025-01-15 19:22:36,18
559,5,1,4,2025-10-13 09:29:26,2025-10-24 09:29:26,30
560,7,5,9,2025-11-22 14:21:33,2025-11-27 14:21:33,36
561,2,4,8,2025-03-04 05:42:07,2025-03-15 05:42:07,8
562,4,1,8,2025-01-25 04:35:07,2025-01-31 04:35:07,20
563,4,5,9,2025-12-01 16:11:41,2025-12-10 16:11:41,15
564,6,3,8,2025-01-27 05:41:22,2025-02-06 05:41:22,28
565,6,1,6,2025-04-16 15:49:31,2025-04-19 15:49:31,20
566,7,4,4,2025-02-16 09:40:12,2025-03-02 09:40:12,7
567,3,1,9,2025-06-30 18:28:10,2025-07-08 18:28:10,10
568,2,4,4,2025-05-24 04:19:19,2025-06-05 04:19:19,30
569,7,1,8,2025-06-09 03:23:26,2025-06-10 03:23:26,22
570,5,3,7,2025-07-12 08:54:05,2025-07-22 08:54:05,6
571,7,4,7,2025-11-22 17:39:07,2025-12-04 17:39:07,31
572,2,2,6,2025-10-17 07:09:20,2025-10-30 07:09:20,18
573,5,5,6,2025-04-12 18:49:40,2025-04-17 18:49:40,15
574,6,1,7,2025-11-04 17:41:06,2025-11-07 17:41:06,7
575,4,2,5,2024-12-22 01:14:53,2024-12-28 01:14:53,10
576,4,3,4,2025-08-21 09:27:49,2025-08-28 09:27:49,28
577,7,3,8,2025-12-04 09:46:54,2025-12-09 09:46:54,32
578,5,2,8,2025-03-10 03:28:07,2025-03-22 03:28:07,19
579,3,4,10,2024-12-21 03:06:46,2024-12-25 03:06:46,25
580,5,5,4,2025-07-15 23:52:13,2025-07-21 23:52:13,4
581,5,1,4,2025-08-21 19:45:15,2025-08-27 19:45:15,24
582,6,4,6,2025-02-06 20:27:09,2025-02-12 20:27:09,17
583,6,1,6,2025-04-11 15:42:29,2025-04-24 15:42:29,16
584,1,1,9,2025-03-29 12:00:41,2025-04-07 12:00:41,12
585,7,3,7,2025-05-30 21:26:53,2025-06-08 21:26:53,20
586,2,4,4,2025-09-19 08:39:11,2025-09-30 08:39:11,10
587,4,2,6,2025-02-04 05:59:53,2025-02-11 05:59:53,33
588,5,3,5,2025-01-10 15:52:02,2025-01-14 15:52:02,29
589,2,3,5,2025-02-16 22:31:14,2025-02-21 22:31:14,14
590,7,5,8,2025-08-27 06:04:02,2025-09-01 06:04:02,17
591,5,4,7,2025-11-16 15:10:39,2025-11-25 15:10:39,3
592,5,4,6,2025-04-04 04:13:16,2025-04-06 04:13:16,9
593,7,3,8,2025-02-15 11:29:39,2025-02-20 11:29:39,30
594,5,5,6,2024-12-20 12:30:49,2024-12-30 12:30:49,3
595,7,2,10,2025-02-10 10:34:20,2025-02-15 10:34:20,13
596,1,3,7,2025-05-28 11:59:22,2025-06-09 11:59:22,19
597,1,3,9,2025-11-24 01:41:41,2025-11-27 01:41:41,19
598,2,1,9,2025-06-24 21:40:48,2025-07-05 21:40:48,23
599,7,5,8,2025-10-06 12:39:02,2025-10-16 12:39:02,7
600,7,2,10,2025-05-27 05:09:32,2025-06-06 05:09:32,4
601,6,4,10,2025-08-04 03:26:44,2025-08-05 03:26:44,34
602,1,4,9,2025-07-01 15:52:16,2025-07-08 15:52:16,31
603,4,3,9,2025-01-01 08:35:20,2025-01-14 08:35:20,9
604,1,3,6,2025-08-06 13:11:46,2025-08-20 13:11:46,12
605,5,5,7,2025-10-08 19:28:11,2025-10-18 19:28:11,19
606,2,4,6,2025-06-28 09:35:22,2025-07-11 09:35:22,17
607,7,5,5,2025-09-19 14:16:41,2025-09-26 14:16:41,2
608,1,5,8,2025-03-08 03:50:26,2025-03-20 03:50:26,28
609,6,3,5,2025-01-08 01:41:43,2025-01-20 01:41:43,19
610,7,5,5,2025-01-27 09:23:11,2025-01-29 09:23:11,3
611,4,2,5,2025-07-05 00:34:58,2025-07-11 00:34:58,2
612,1,5,6,2025-03-11 09:48:06,2025-03-22 09:48:06,1
613,4,2,5,2025-01-20 06:54:57,2025-01-30 06:54:57,6
614,6,4,10,2025-03-05 15:02:39,2025-03-18 15:02:39,23
615,6,3,7,2025-10-17 02:48:12,2025-10-22 02:48:12,12
616,5,1,7,2025-07-21 19:38:54,2025-07-31 19:38:54,15
617,6,4,6,2025-11-23 04:32:34,2025-11-27 04:32:34,19
618,7,5,9,2025-11-24 09:23:30,2025-12-06 09:23:30,21
619,4,5,10,2025-01-28 10:45:15,2025-02-04 10:45:15,24
620,5,2,5,2025-10-16 15:21:34,2025-10-20 15:21:34,8
621,4,3,10,2024-12-15 07:29:15,2024-12-16 07:29:15,36
622,3,4,7,2025-01-05 17:43:42,2025-01-19 17:43:42,9
623,1,5,6,2025-03-01 13:41:36,2025-03-14 13:41:36,1
624,7,5,10,2025-08-29 07:59:08,2025-08-30 07:59:08,9
625,5,4,4,2025-03-23 07:51:41,2025-04-03 07:51:41,2
626,5,1,5,2024-12-10 12:07:13,2024-12-23 12:07:13,32
627,2,3,7,2024-12-08 23:40:00,2024-12-17 23:40:00,5
628,1,5,8,2025-11-06 13:29:13,2025-11-07 13:29:13,22
629,5,2,5,2025-08-03 13:54:03,2025-08-05 13:54:03,29
630,5,2,6,2025-05-27 06:08:56,2025-05-29 06:08:56,3
631,3,5,5,2025-01-10 12:16:07,2025-01-15 12:16:07,4
632,4,4,8,2025-02-20 07:44:12,2025-02-22 07:44:12,26
633,4,5,6,2025-03-04 14:31:44,2025-03-16 14:31:44,1
634,5,5,9,2025-03-19 10:11:43,2025-03-27 10:11:43,28
635,2,5,5,2025-11-12 09:57:31,2025-11-17 09:57:31,31
636,3,4,10,2025-07-01 13:51:23,2025-07-08 13:51:23,33
637,1,3,9,2025-08-21 06:17:08,2025-08-31 06:17:08,12
638,1,4,8,2025-12-02 21:42:34,2025-12-09 21:42:34,34
639,1,2,4,2025-05-01 12:32:04,2025-05-09 12:32:04,20
640,5,4,4,2025-03-28 14:42:50,2025-04-05 14:42:50,3
641,5,4,10,2025-02-20 08:44:25,2025-02-25 08:44:25,6
642,2,4,4,2025-09-27 04:18:15,2025-10-04 04:18:15,1
643,3,1,4,2025-04-17 18:12:27,2025-04-28 18:12:27,35
644,4,3,10,2024-12-06 10:02:24,2024-12-17 10:02:24,17
645,5,5,5,2025-05-19 16:17:39,2025-05-20 16:17:39,36
646,2,3,7,2025-07-03 02:23:07,2025-07-14 02:23:07,9
647,2,3,10,2025-09-04 15:24:32,2025-09-14 15:24:32,27
648,3,4,7,2025-10-22 17:29:29,2025-10-26 17:29:29,35
649,3,2,4,2025-09-20 12:28:30,2025-09-28 12:28:30,16
650,4,2,7,2025-01-12 02:38:28,2025-01-14 02:38:28,20
651,6,2,5,2025-01-22 23:24:54,2025-01-25 23:24:54,2
652,4,1,9,2025-04-22 05:07:44,2025-05-02 05:07:44,22
653,4,2,7,2025-11-04 23:27:53,2025-11-14 23:27:53,19
654,6,1,5,2025-11-20 16:04:21,2025-11-21 16:04:21,5
655,4,1,10,2025-03-29 06:44:40,2025-03-30 06:44:40,19
656,2,1,8,2025-11-08 03:39:33,2025-11-09 03:39:33,19
657,2,2,10,2025-03-03 07:32:36,2025-03-15 07:32:36,21
658,2,5,8,2025-06-21 18:47:57,2025-06-27 18:47:57,28
659,6,5,10,2025-11-22 14:27:30,2025-11-25 14:27:30,28
660,3,5,10,2024-12-31 00:23:30,2025-01-03 00:23:30,24
661,1,2,4,2025-07-15 03:52:32,2025-07-18 03:52:32,12
662,3,1,8,2025-01-31 04:44:50,2025-02-05 04:44:50,21
663,2,2,5,2025-10-06 17:56:28,2025-10-16 17:56:28,28
664,7,4,4,2025-04-08 02:22:17,2025-04-09 02:22:17,22
665,1,5,6,2025-10-31 08:06:14,2025-11-04 08:06:14,15
666,4,4,8,2025-11-10 21:12:48,2025-11-21 21:12:48,22
667,6,2,6,2025-07-10 12:55:25,2025-07-11 12:55:25,18
668,5,3,10,2025-06-29 23:44:47,2025-07-06 23:44:47,36
669,6,1,5,2025-03-14 05:58:49,2025-03-22 05:58:49,20
670,5,4,4,2025-01-06 13:39:10,2025-01-14 13:39:10,25
671,2,5,5,2025-05-14 13:27:46,2025-05-17 13:27:46,19
672,2,5,6,2025-10-04 11:03:32,2025-10-14 11:03:32,6
673,2,5,4,2025-12-01 01:58:17,2025-12-10 01:58:17,30
674,2,2,6,2025-09-21 15:16:08,2025-09-27 15:16:08,29
675,7,4,8,2025-04-10 06:19:28,2025-04-11 06:19:28,6
676,1,2,4,2025-02-24 16:40:06,2025-03-01 16:40:06,6
677,4,4,10,2025-01-22 11:03:16,2025-01-26 11:03:16,32
678,3,1,9,2025-07-22 08:04:28,2025-08-01 08:04:28,21
679,5,2,8,2025-11-22 15:33:57,2025-12-01 15:33:57,20
680,6,3,8,2025-11-24 22:14:36,2025-11-28 22:14:36,35
681,6,3,7,2025-01-21 07:15:38,2025-01-30 07:15:38,24
682,6,5,5,2025-10-04 15:48:56,2025-10-15 15:48:56,30
683,1,1,8,2025-03-29 06:01:18,2025-04-08 06:01:18,9
684,5,1,6,2025-08-17 21:50:17,2025-08-31 21:50:17,17
685,4,3,8,2025-06-08 19:22:05,2025-06-22 19:22:05,18
686,5,5,6,2025-03-10 21:46:57,2025-03-12 21:46:57,19
687,2,2,7,2025-10-02 21:41:03,2025-10-03 21:41:03,14
688,6,4,5,2025-03-08 16:24:53,2025-03-18 16:24:53,30
689,2,5,7,2025-07-15 01:35:39,2025-07-21 01:35:39,2
690,4,1,7,2025-06-18 09:08:10,2025-06-19 09:08:10,30
691,1,1,7,2025-01-17 18:23:00,2025-01-18 18:23:00,11
692,2,1,9,2025-05-15 14:42:42,2025-05-17 14:42:42,2
693,2,2,8,2025-11-24 02:04:20,2025-12-04 02:04:20,5
694,4,3,9,2025-01-27 16:37:45,2025-01-30 16:37:45,14
695,3,5,9,2025-09-01 01:24:25,2025-09-03 01:24:25,5
696,4,5,9,2025-06-11 07:26:25,2025-06-23 07:26:25,36
697,4,5,5,2025-10-03 15:47:03,2025-10-05 15:47:03,16
698,4,2,5,2025-01-23 12:41:19,2025-02-02 12:41:19,3
699,7,4,8,2025-03-19 07:05:31,2025-03-31 07:05:31,11
700,5,2,10,2025-03-31 00:20:58,2025-04-07 00:20:58,33
701,4,4,7,2025-01-28 12:05:14,2025-02-10 12:05:14,7
702,5,3,4,2025-10-07 05:34:34,2025-10-16 05:34:34,34
703,2,3,9,2024-12-26 10:39:49,2025-01-04 10:39:49,12
704,4,1,5,2025-05-23 16:23:55,2025-06-02 16:23:55,6
705,3,4,4,2025-05-27 10:45:41,2025-05-29 10:45:41,20
706,5,2,7,2025-05-23 05:16:46,2025-05-25 05:16:46,1
707,2,5,7,2025-03-30 12:54:02,2025-04-11 12:54:02,14
708,2,3,8,2025-03-20 11:59:40,2025-04-03 11:59:40,36
709,3,1,9,2025-11-24 19:40:01,2025-11-26 19:40:01,17
710,4,2,10,2025-03-05 12:29:16,2025-03-13 12:29:16,4
711,7,1,5,2025-10-03 10:16:55,2025-10-07 10:16:55,13
712,4,2,8,2025-03-29 10:10:47,2025-04-03 10:10:47,10
713,1,2,9,2025-01-21 20:32:27,2025-02-02 20:32:27,24
714,4,3,8,2025-05-28 15:24:03,2025-06-10 15:24:03,27
715,6,5,9,2025-08-09 05:06:26,2025-08-18 05:06:26,6
716,6,1,8,2025-10-31 06:12:58,2025-11-01 06:12:58,25
717,2,1,4,2025-03-22 04:07:42,2025-03-30 04:07:42,36
718,5,2,4,2025-03-12 08:24:26,2025-03-20 08:24:26,27
719,5,4,7,2025-03-11 21:33:30,2025-03-12 21:33:30,18
720,1,3,6,2025-07-12 00:28:55,2025-07-18 00:28:55,6
721,3,1,6,2025-09-11 07:11:45,2025-09-24 07:11:45,23
722,1,2,6,2025-10-28 13:05:45,2025-11-01 13:05:45,20
723,1,4,6,2025-09-20 00:53:55,2025-10-02 00:53:55,27
724,7,4,5,2025-08-11 23:22:06,2025-08-15 23:22:06,19
725,7,1,7,2025-04-18 20:00:56,2025-04-25 20:00:56,35
726,1,5,6,2025-05-12 01:17:49,2025-05-20 01:17:49,3
727,1,2,9,2025-09-27 11:32:33,2025-10-01 11:32:33,35
728,5,3,8,2025-06-13 15:11:01,2025-06-19 15:11:01,13
729,7,3,7,2025-05-07 21:37:23,2025-05-18 21:37:23,28
730,1,2,9,2025-07-02 18:08:40,2025-07-14 18:08:40,15
731,3,3,6,2025-11-26 08:13:15,2025-12-01 08:13:15,3
732,1,2,10,2025-07-30 13:07:20,2025-08-12 13:07:20,2
733,5,1,6,2025-09-21 18:39:38,2025-10-01 18:39:38,4
734,4,5,4,2025-01-31 06:00:03,2025-02-06 06:00:03,20
735,7,5,9,2025-03-01 16:17:31,2025-03-06 16:17:31,33
736,2,1,4,2025-10-02 04:10:54,2025-10-06 04:10:54,4
737,1,3,10,2025-06-21 18:51:35,2025-07-02 18:51:35,8
738,4,3,10,2025-08-22 07:56:17,2025-08-26 07:56:17,25
739,7,2,8,2025-03-04 15:21:47,2025-03-06 15:21:47,12
740,5,1,7,2025-11-13 09:21:35,2025-11-23 09:21:35,33
741,5,4,4,2025-07-24 18:53:56,2025-07-29 18:53:56,35
742,2,5,8,2025-11-06 13:46:45,2025-11-14 13:46:45,16
743,6,2,9,2025-02-11 07:44:35,2025-02-20 07:44:35,27
744,4,4,5,2025-01-08 00:45:59,2025-01-22 00:45:59,10
745,3,4,7,2025-03-18 03:49:45,2025-03-30 03:49:45,5
746,2,2,6,2025-08-07 18:02:38,2025-08-21 18:02:38,32
747,4,3,5,2025-06-01 10:43:16,2025-06-10 10:43:16,27
748,7,5,9,2025-04-16 20:35:57,2025-04-29 20:35:57,20
749,5,4,5,2025-09-08 08:25:46,2025-09-09 08:25:46,11
750,7,2,6,2025-01-08 07:25:07,2025-01-16 07:25:07,8
751,3,2,4,2025-05-09 22:40:08,2025-05-23 22:40:08,15
752,4,5,5,2025-10-26 14:29:46,2025-11-02 14:29:46,24
753,2,4,4,2025-07-13 13:06:11,2025-07-17 13:06:11,24
754,5,2,5,2025-05-28 00:49:49,2025-06-10 00:49:49,26
755,6,4,4,2025-12-01 04:38:27,2025-12-14 04:38:27,18
756,6,5,7,2025-12-02 05:31:27,2025-12-10 05:31:27,1
757,7,4,5,2025-09-14 18:09:48,2025-09-28 18:09:48,5
758,4,2,8,2025-10-18 22:38:57,2025-10-31 22:38:57,28
759,1,2,5,2025-03-08 03:26:39,2025-03-11 03:26:39,14
760,3,2,9,2025-09-07 22:30:39,2025-09-20 22:30:39,36
761,2,3,10,2025-05-14 10:27:15,2025-05-22 10:27:15,15
762,6,2,4,2025-05-21 04:40:24,2025-05-28 04:40:24,25
763,1,5,6,2025-10-17 03:26:30,2025-10-23 03:26:30,25
764,2,5,4,2025-06-11 11:23:58,2025-06-14 11:23:58,34
765,1,5,9,2025-01-22 10:15:54,2025-01-31 10:15:54,26
766,2,5,10,2025-10-23 04:05:18,2025-11-06 04:05:18,28
767,5,4,6,2025-08-31 14:13:42,2025-09-02 14:13:42,8
768,3,1,4,2024-12-30 17:52:31,2025-01-02 17:52:31,34
769,5,5,6,2025-07-01 09:27:40,2025-07-08 09:27:40,8
770,3,3,6,2025-01-05 19:20:35,2025-01-17 19:20:35,26
771,4,4,5,2025-02-02 02:59:27,2025-02-04 02:59:27,21
772,3,1,7,2025-05-16 20:28:46,2025-05-20 20:28:46,34
773,5,4,7,2025-04-02 22:48:13,2025-04-11 22:48:13,28
774,6,1,5,2025-02-06 21:07:46,2025-02-15 21:07:46,14
775,5,2,10,2025-11-02 05:00:49,2025-11-04 05:00:49,35
776,2,3,9,2025-05-21 08:17:31,2025-06-01 08:17:31,10
777,7,3,6,2025-07-28 12:13:42,2025-07-30 12:13:42,21
778,1,5,4,2025-11-06 03:09:32,2025-11-07 03:09:32,8
779,4,1,6,2024-12-29 07:24:15,2025-01-04 07:24:15,12
780,4,4,9,2025-07-25 12:01:51,2025-08-07 12:01:51,16
781,5,3,6,2025-07-02 09:27:29,2025-07-04 09:27:29,35
782,5,2,10,2025-08-11 20:31:49,2025-08-13 20:31:49,16
783,1,4,9,2025-04-27 08:37:06,2025-05-03 08:37:06,28
784,6,1,4,2025-06-23 02:44:11,2025-06-25 02:44:11,6
785,2,4,10,2025-09-18 05:17:17,2025-09-20 05:17:17,29
786,7,3,10,2025-05-28 14:55:46,2025-05-30 14:55:46,36
787,3,3,9,2025-10-04 10:44:44,2025-10-09 10:44:44,25
788,3,3,5,2025-02-23 10:49:02,2025-03-08 10:49:02,12
789,5,4,5,2025-10-12 20:14:43,2025-10-14 20:14:43,36
790,4,3,7,2025-10-30 15:30:08,2025-10-31 15:30:08,23
791,7,1,10,2025-03-03 00:30:57,2025-03-11 00:30:57,35
792,4,5,4,2025-09-07 16:06:42,2025-09-21 16:06:42,6
793,7,1,8,2025-09-06 23:20:01,2025-09-07 23:20:01,30
794,4,2,8,2025-05-06 14:34:17,2025-05-13 14:34:17,26
795,1,2,5,2025-06-30 03:32:52,2025-07-03 03:32:52,3
796,5,5,4,2025-04-23 20:57:38,2025-05-05 20:57:38,10
797,2,3,8,2025-03-29 12:19:19,2025-04-07 12:19:19,15
798,5,2,9,2025-10-12 16:03:21,2025-10-25 16:03:21,19
799,6,2,9,2025-05-31 10:55:32,2025-06-06 10:55:32,18
800,4,5,9,2025-05-12 13:22:31,2025-05-23 13:22:31,8
801,6,2,9,2025-05-13 21:05:18,2025-05-14 21:05:18,21
802,3,2,8,2025-07-01 05:32:57,2025-07-05 05:32:57,11
803,6,4,4,2025-04-01 06:28:11,2025-04-11 06:28:11,13
804,2,4,4,2025-11-24 13:12:54,2025-11-25 13:12:54,31
805,3,2,5,2025-03-06 05:16:49,2025-03-17 05:16:49,32
806,4,4,4,2025-01-04 09:43:42,2025-01-06 09:43:42,20
807,5,4,7,2025-07-15 17:53:26,2025-07-25 17:53:26,27
808,2,5,10,2025-03-28 17:49:51,2025-03-31 17:49:51,28
809,3,2,7,2025-08-04 13:31:54,2025-08-07 13:31:54,12
810,2,4,5,2025-08-22 16:47:26,2025-08-28 16:47:26,32
811,4,4,4,2025-06-14 03:35:52,2025-06-18 03:35:52,11
812,4,3,4,2025-02-11 20:26:38,2025-02-12 20:26:38,15
813,6,2,8,2025-07-02 17:59:10,2025-07-16 17:59:10,16
814,4,1,4,2025-04-13 18:31:44,2025-04-24 18:31:44,3
815,5,4,4,2025-08-28 14:06:36,2025-09-06 14:06:36,27
816,2,3,6,2025-09-04 03:29:49,2025-09-14 03:29:49,27
817,6,3,6,2025-03-09 00:47:01,2025-03-17 00:47:01,30
818,5,2,4,2025-03-17 08:03:07,2025-03-28 08:03:07,28
819,1,3,10,2025-01-04 17:43:27,2025-01-11 17:43:27,32
820,2,5,9,2025-08-13 01:30:09,2025-08-20 01:30:09,27
821,4,1,7,2025-09-02 18:37:57,2025-09-12 18:37:57,19
822,3,4,4,2025-04-21 13:34:54,2025-04-26 13:34:54,8
823,6,5,4,2025-03-02 15:34:33,2025-03-12 15:34:33,16
824,4,1,5,2025-01-12 00:54:00,2025-01-20 00:54:00,15
825,1,5,7,2025-02-01 17:10:50,2025-02-08 17:10:50,1
826,5,3,9,2025-10-13 08:09:58,2025-10-16 08:09:58,35
827,2,5,7,2025-10-31 21:46:45,2025-11-06 21:46:45,23
828,5,2,4,2025-05-16 04:44:36,2025-05-19 04:44:36,29
829,6,1,7,2025-10-16 07:02:49,2025-10-24 07:02:49,16
830,3,4,6,2025-06-26 03:39:16,2025-07-08 03:39:16,20
831,3,4,5,2025-07-22 18:05:21,2025-07-28 18:05:21,31
832,1,5,8,2025-11-21 06:16:25,2025-12-02 06:16:25,9
833,6,1,4,2025-05-20 05:39:37,2025-05-21 05:39:37,20
834,6,4,5,2025-09-08 22:19:44,2025-09-09 22:19:44,21
835,4,5,8,2025-05-09 05:04:35,2025-05-11 05:04:35,22
836,1,4,10,2025-03-10 17:13:56,2025-03-12 17:13:56,27
837,2,4,5,2025-04-19 16:50:45,2025-05-03 16:50:45,25
838,3,2,8,2025-10-01 18:33:33,2025-10-03 18:33:33,24
839,1,2,4,2025-09-02 11:33:34,2025-09-05 11:33:34,34
840,5,2,10,2025-07-13 08:08:10,2025-07-19 08:08:10,9
841,7,4,10,2025-07-29 02:56:33,2025-08-12 02:56:33,33
842,1,3,8,2024-12-24 18:30:16,2025-01-02 18:30:16,15
843,4,5,6,2025-10-15 03:05:20,2025-10-19 03:05:20,1
844,2,1,10,2025-11-01 05:20:15,2025-11-08 05:20:15,33
845,6,4,6,2025-04-30 14:06:15,2025-05-10 14:06:15,7
846,4,5,6,2025-03-21 14:50:54,2025-04-03 14:50:54,3
847,4,2,8,2025-02-05 23:01:46,2025-02-13 23:01:46,35
848,3,1,10,2025-06-12 17:34:15,2025-06-20 17:34:15,7
849,3,2,9,2025-10-15 00:00:53,2025-10-21 00:00:53,9
850,2,4,8,2025-06-14 09:33:31,2025-06-21 09:33:31,34
851,6,4,10,2025-03-10 03:46:57,2025-03-16 03:46:57,33
852,2,1,8,2025-05-31 07:20:45,2025-06-12 07:20:45,4
853,7,4,9,2025-09-06 18:27:15,2025-09-18 18:27:15,18
854,6,3,4,2025-06-05 19:27:48,2025-06-17 19:27:48,4
855,1,1,5,2025-11-20 13:20:28,2025-12-01 13:20:28,15
856,4,5,6,2025-10-11 12:23:47,2025-10-19 12:23:47,7
857,5,5,9,2025-01-31 14:15:08,2025-02-07 14:15:08,25
858,6,4,10,2025-06-06 12:02:45,2025-06-18 12:02:45,32
859,3,2,10,2025-05-14 23:03:05,2025-05-15 23:03:05,16
860,2,5,9,2025-09-16 04:49:47,2025-09-17 04:49:47,18
861,6,5,8,2025-01-12 22:17:09,2025-01-15 22:17:09,24
862,2,4,8,2025-11-29 08:45:08,2025-12-05 08:45:08,29
863,4,1,4,2025-03-21 00:33:51,2025-04-01 00:33:51,35
864,6,4,5,2025-03-18 12:46:59,2025-03-30 12:46:59,9
865,7,1,10,2025-04-17 07:40:50,2025-04-26 07:40:50,22
866,7,1,8,2025-06-12 15:07:22,2025-06-24 15:07:22,14
867,7,1,9,2025-10-28 13:09:30,2025-11-04 13:09:30,24
868,2,3,4,2025-09-13 16:42:18,2025-09-18 16:42:18,27
869,6,2,7,2025-11-18 08:44:35,2025-11-19 08:44:35,8
870,3,3,9,2025-11-01 20:02:48,2025-11-10 20:02:48,7
871,1,2,4,2025-11-27 14:57:36,2025-12-04 14:57:36,36
872,4,5,4,2024-12-30 14:06:16,2025-01-02 14:06:16,26
873,2,3,10,2025-04-12 00:59:43,2025-04-22 00:59:43,18
874,4,2,10,2025-11-05 19:39:36,2025-11-19 19:39:36,23
875,4,4,5,2025-08-08 00:40:41,2025-08-19 00:40:41,22
876,7,2,7,2025-03-06 23:53:15,2025-03-15 23:53:15,35
877,4,2,9,2025-03-06 04:20:11,2025-03-08 04:20:11,1
878,1,3,7,2024-12-20 19:07:18,2025-01-01 19:07:18,14
879,4,3,8,2025-10-06 18:08:49,2025-10-12 18:08:49,27
880,4,1,4,2025-06-09 00:35:17,2025-06-21 00:35:17,24
881,1,1,6,2025-07-09 06:37:08,2025-07-15 06:37:08,24
882,5,2,5,2025-03-12 12:29:01,2025-03-26 12:29:01,6
883,7,5,7,2025-09-30 10:20:21,2025-10-03 10:20:21,30
884,3,2,5,2024-12-24 15:18:23,2024-12-30 15:18:23,19
885,5,4,5,2025-09-18 15:35:00,2025-09-27 15:35:00,34
886,7,2,10,2025-10-13 18:07:14,2025-10-26 18:07:14,33
887,7,1,10,2025-01-13 03:25:02,2025-01-17 03:25:02,21
888,1,1,9,2025-02-16 19:33:07,2025-02-24 19:33:07,1
889,4,5,10,2025-04-08 04:58:27,2025-04-12 04:58:27,8
890,4,3,10,2025-10-15 11:45:03,2025-10-22 11:45:03,5
891,2,5,8,2025-08-16 21:37:49,2025-08-23 21:37:49,20
892,1,2,5,2025-05-30 19:27:16,2025-06-13 19:27:16,32
893,2,4,8,2025-09-08 03:51:12,2025-09-12 03:51:12,21
894,5,2,6,2025-02-03 14:16:54,2025-02-04 14:16:54,36
895,6,4,5,2025-01-05 22:18:02,2025-01-08 22:18:02,14
896,7,1,9,2025-11-19 22:19:44,2025-11-25 22:19:44,22
897,6,5,8,2025-02-06 22:14:54,2025-02-12 22:14:54,4
898,3,4,10,2025-03-13 10:49:53,2025-03-18 10:49:53,33
899,2,2,9,2025-06-14 15:37:41,2025-06-20 15:37:41,35
900,1,3,4,2025-10-18 19:10:10,2025-10-20 19:10:10,11
901,2,4,9,2025-09-23 20:22:17,2025-10-05 20:22:17,31
902,1,1,4,2025-04-12 04:03:10,2025-04-18 04:03:10,25
903,6,1,6,2025-03-25 02:59:06,2025-04-06 02:59:06,3
904,7,1,8,2025-03-20 21:38:32,2025-04-03 21:38:32,36
905,1,3,7,2025-05-03 03:49:05,2025-05-12 03:49:05,22
906,4,5,7,2025-02-11 13:23:54,2025-02-22 13:23:54,33
907,2,1,6,2025-01-02 08:33:34,2025-01-16 08:33:34,18
908,3,1,4,2025-06-12 10:11:44,2025-06-24 10:11:44,21
909,3,4,5,2025-03-07 06:38:13,2025-03-20 06:38:13,10
910,3,1,8,2025-05-27 16:29:00,2025-06-03 16:29:00,30
911,7,1,8,2025-12-05 02:31:36,2025-12-08 02:31:36,4
912,7,4,5,2025-03-29 12:13:01,2025-04-09 12:13:01,20
913,7,5,7,2025-01-02 17:51:33,2025-01-16 17:51:33,12
914,4,1,9,2025-08-23 02:55:19,2025-09-02 02:55:19,15
915,1,3,7,2025-10-10 10:21:16,2025-10-21 10:21:16,12
916,4,2,7,2025-06-18 05:37:36,2025-06-23 05:37:36,27
917,6,1,8,2024-12-31 06:08:11,2025-01-13 06:08:11,21
918,1,4,6,2025-12-03 20:11:27,2025-12-10 20:11:27,13
919,7,2,4,2025-09-14 11:42:21,2025-09-15 11:42:21,13
920,2,2,5,2025-04-15 00:02:27,2025-04-21 00:02:27,22
921,4,3,10,2025-07-30 22:01:11,2025-08-08 22:01:11,12
922,2,1,5,2025-07-09 06:03:43,2025-07-18 06:03:43,3
923,6,5,7,2025-04-25 18:30:08,2025-05-08 18:30:08,29
924,1,1,9,2025-05-20 06:11:40,2025-05-23 06:11:40,31
925,3,2,10,2025-01-19 19:41:26,2025-01-27 19:41:26,19
926,4,1,8,2024-12-20 02:01:39,2024-12-29 02:01:39,24
927,2,3,7,2025-09-15 02:40:59,2025-09-29 02:40:59,13
928,2,2,10,2025-04-26 22:24:05,2025-05-09 22:24:05,36
929,4,2,8,2025-11-21 16:11:07,2025-12-02 16:11:07,31
930,1,2,7,2025-04-10 04:11:03,2025-04-19 04:11:03,18
931,7,1,6,2025-04-14 19:41:44,2025-04-18 19:41:44,9
932,4,2,4,2025-06-09 09:39:09,2025-06-12 09:39:09,17
933,2,1,5,2025-03-07 16:57:39,2025-03-10 16:57:39,21
934,7,2,6,2025-06-10 11:31:19,2025-06-19 11:31:19,33
935,4,3,8,2024-12-30 06:37:40,2025-01-06 06:37:40,36
936,2,5,10,2025-07-20 18:11:10,2025-07-23 18:11:10,24
937,4,1,7,2025-02-04 04:32:51,2025-02-09 04:32:51,23
938,1,1,5,2025-04-20 22:54:27,2025-05-04 22:54:27,12
939,2,4,5,2025-07-22 11:37:38,2025-07-29 11:37:38,2
940,5,1,6,2025-03-27 02:59:15,2025-04-01 02:59:15,4
941,6,3,10,2025-02-28 05:11:51,2025-03-09 05:11:51,33
942,3,1,7,2025-10-23 23:43:26,2025-11-03 23:43:26,18
943,2,2,9,2025-02-22 21:01:26,2025-03-08 21:01:26,12
944,2,1,6,2025-01-10 13:33:23,2025-01-16 13:33:23,4
945,7,4,7,2025-08-10 20:11:18,2025-08-23 20:11:18,17
946,6,5,6,2025-01-10 14:07:25,2025-01-24 14:07:25,30
947,3,2,5,2025-02-02 12:04:29,2025-02-03 12:04:29,5
948,4,2,9,2025-07-19 07:12:40,2025-08-02 07:12:40,26
949,6,4,9,2025-07-16 01:49:59,2025-07-18 01:49:59,9
950,1,4,4,2025-05-11 08:20:03,2025-05-15 08:20:03,3
951,2,2,7,2025-09-14 14:49:30,2025-09-22 14:49:30,9
952,5,3,5,2025-02-17 01:02:08,2025-03-02 01:02:08,19
953,4,1,7,2025-11-29 01:30:38,2025-12-01 01:30:38,20
954,7,2,4,2025-07-31 18:26:53,2025-08-04 18:26:53,11
955,2,2,7,2025-01-10 16:09:22,2025-01-24 16:09:22,8
956,4,2,7,2025-12-03 08:25:14,2025-12-15 08:25:14,10
957,7,2,9,2025-06-11 12:33:34,2025-06-18 12:33:34,36
958,4,3,7,2025-11-20 06:02:02,2025-11-27 06:02:02,30
959,7,3,10,2025-09-14 09:27:12,2025-09-19 09:27:12,13
960,4,5,9,2025-04-29 05:35:42,2025-05-09 05:35:42,36
961,1,3,7,2025-08-10 14:58:09,2025-08-15 14:58:09,16
962,2,4,9,2025-04-23 01:58:43,2025-04-26 01:58:43,4
963,3,5,10,2025-04-01 18:51:44,2025-04-13 18:51:44,36
964,5,4,8,2025-07-17 04:50:12,2025-07-18 04:50:12,20
965,6,5,8,2025-09-03 08:35:01,2025-09-11 08:35:01,1
966,3,2,4,2025-11-05 15:31:57,2025-11-19 15:31:57,36
967,5,3,9,2025-01-07 17:34:15,2025-01-10 17:34:15,9
968,6,4,8,2025-02-02 14:40:42,2025-02-12 14:40:42,18
969,3,2,4,2025-10-24 16:50:35,2025-10-29 16:50:35,33
970,2,2,7,2025-06-20 21:12:50,2025-06-28 21:12:50,23
971,3,5,6,2024-12-17 17:35:44,2024-12-25 17:35:44,36
972,7,4,6,2025-09-03 08:52:31,2025-09-13 08:52:31,21
973,6,2,8,2025-01-24 09:39:36,2025-01-27 09:39:36,26
974,4,5,10,2025-08-14 01:53:46,2025-08-27 01:53:46,2
975,4,2,7,2025-04-30 20:55:53,2025-05-09 20:55:53,19
976,7,4,9,2025-05-20 15:38:19,2025-05-27 15:38:19,14
977,7,4,9,2025-08-12 18:24:43,2025-08-15 18:24:43,1
978,7,4,10,2025-06-25 16:21:27,2025-07-07 16:21:27,20
979,6,5,5,2025-05-20 00:00:24,2025-05-28 00:00:24,34
980,3,2,7,2025-09-27 20:53:48,2025-10-04 20:53:48,36
981,3,2,7,2024-12-07 22:14:54,2024-12-12 22:14:54,29
982,5,3,10,2025-04-14 09:00:48,2025-04-18 09:00:48,13
983,6,3,4,2024-12-24 16:24:01,2025-01-04 16:24:01,24
984,4,5,6,2025-09-16 22:06:55,2025-09-28 22:06:55,23
985,5,4,6,2025-05-14 22:39:09,2025-05-21 22:39:09,6
986,3,5,4,2025-07-02 07:02:37,2025-07-16 07:02:37,19
987,3,3,9,2025-11-09 15:33:39,2025-11-17 15:33:39,15
988,6,4,4,2025-03-31 11:30:48,2025-04-04 11:30:48,26
989,5,2,9,2025-04-07 23:34:45,2025-04-14 23:34:45,36
990,5,2,8,2025-10-02 22:22:27,2025-10-09 22:22:27,22
991,5,2,10,2025-09-15 11:09:35,2025-09-17 11:09:35,24
992,3,1,10,2025-01-13 22:12:06,2025-01-19 22:12:06,29
993,3,3,8,2025-03-03 10:00:46,2025-03-08 10:00:46,1
994,6,5,6,2025-02-06 15:14:47,2025-02-18 15:14:47,30
995,6,5,8,2025-02-27 23:01:50,2025-03-07 23:01:50,33
996,7,1,10,2025-07-12 00:14:06,2025-07-23 00:14:06,7
997,4,3,9,2025-08-18 07:58:16,2025-08-19 07:58:16,21
998,6,3,9,2025-06-13 03:12:36,2025-06-23 03:12:36,17
999,4,1,8,2025-09-23 22:49:51,2025-10-07 22:49:51,27
1000,2,3,5,2025-07-24 20:41:46,2025-08-05 20:41:46,10
